Country Name,Country Code,Series Name,Series Code,1985 [YR1985],1990 [YR1990],1995 [YR1995],2000 [YR2000],2008 [YR2008],2009 [YR2009],2010 [YR2010],2011 [YR2011],2012 [YR2012],2015 [YR2015]
China,CHN,Access to electricity (% of population),EG.ELC.ACCS.ZS,..,..,..,96.7,98.8,99.1,99.7,99.9,99.9,100
China,CHN,GDP (current US$),NY.GDP.MKTP.CD,310064625850.34,361560229445.507,738190896227.55,1223754919971.05,4667346414521.95,5189577094997.58,6192564874453.29,7671757207851.29,8673664713189.24,11280814787468.9
China,CHN,GDP per capita (current US$),NY.GDP.PCAP.CD,295.007445815897,318.50335359039,612.680277898627,969.199513696287,3523.44302065213,3898.24459158811,4629.24551710077,5703.76027973346,6405.0574241349,8175.33285077393
China,CHN,"GDP per capita, PPP (current international $)",NY.GDP.PCAP.PP.CD,..,990.776190880307,1883.87603000345,2963.53238602023,7712.84608425069,8447.98281469227,9411.13821903204,10456.7916826113,11420.2527051141,13463.3331511105
China,CHN,Gini index,SI.POV.GINI,..,32.2,..,..,43,..,43.7,42.4,42.2,38.6
China,CHN,"Life expectancy at birth, total (years)",SP.DYN.LE00.IN,66.532,68.155,70.363,72.288,74.833,75.317,75.668,75.889,76.2,76.975
China,CHN,"Literacy rate, adult male (% of males ages 15 and above)",SE.ADT.LITR.MA.ZS,..,87.0199966430664,..,95.1399993896484,..,..,97.4800033569336,..,..,..
China,CHN,"Literacy rate, adult female (% of females ages 15 and above)",SE.ADT.LITR.FE.ZS,..,68.0699996948242,..,86.5299987792969,..,..,92.7099990844727,..,..,..
China,CHN,"Mortality rate, infant (per 1,000 live births)",SP.DYN.IMRT.IN,43.1,43.3,38.7,29.9,14.8,13.5,12.4,11.4,10.5,8.2
China,CHN,"Unemployment, total (% of total labor force) (national estimate)",SL.UEM.TOTL.NE.ZS,0.477,2.165,1.147,3.707,1.924,2.17,2.912,2.748,2.776,3.296
China,CHN,Urban population (% of total population),SP.URB.TOTL.IN.ZS,23.7069091796875,26.1957015991211,29.0403804779053,36.4320234662299,46.9895057678223,48.3417053222656,49.2340270628041,51.8300285339355,53.1003112792969,57.3297843933105
China,CHN,Adequacy of social safety net programs (% of total welfare of beneficiary households),per_sa_allsa.adq_pop_tot,..,..,..,..,..,..,..,..,..,..
China,CHN,Fossil fuel energy consumption (% of total),EG.USE.COMM.FO.ZS,..,75.0967524729209,77.8894508666135,79.922462606017,89.5211571180054,90.1612712655318,90.8066275814595,91.4247318781345,91.1492191796216,71.0695588904552
China,CHN,Food imports (% of merchandise imports),TM.VAL.FOOD.ZS.UN,4.09832090762071,..,6.99286331250247,4.1415670503436,4.75813477121272,4.92007621483225,4.617159512627,4.65196556599698,5.40612375610156,6.66132360581687
China,CHN,Food exports (% of merchandise exports),TX.VAL.FOOD.ZS.UN,12.5662305455292,..,8.26668027226874,5.44109189282891,2.50839747104731,2.93917994564661,2.79842412282257,2.8533578308062,2.74883850345704,2.77868735771079
China,CHN,"Immunization, DPT (% of children ages 12-23 months)",SH.IMM.IDPT,78,97,80,85,97,99,99,99,99,99
China,CHN,"Inflation, consumer prices (annual %)",FP.CPI.TOTL.ZG,..,3.05229012075233,16.7912268492666,0.347811226864587,5.92525137041092,-0.728165250932898,3.17532475269199,5.55389892257493,2.61952432645541,1.43702380935655
Cuba,CUB,Access to electricity (% of population),EG.ELC.ACCS.ZS,..,..,..,97,97.3,97.6,97.8,98,98.3,99
Cuba,CUB,GDP (current US$),NY.GDP.MKTP.CD,22920490774.102,28645436569.1489,30429803651.2192,30565400000,56302129629.6296,57481481481.4815,59562962962.963,68990000000,73141000000,87132800000
Cuba,CUB,GDP per capita (current US$),NY.GDP.PCAP.CD,2256.56948668495,2694.31697957692,2785.24442954103,2751.3817714814,4986.12436479175,5089.23519757167,5272.26755824835,6104.46105236166,6470.83673392653,7727.91997207998
Cuba,CUB,"GDP per capita, PPP (current international $)",NY.GDP.PCAP.PP.CD,..,..,..,..,..,..,..,..,..,..
Cuba,CUB,Gini index,SI.POV.GINI,..,..,..,..,..,..,..,..,..,..
Cuba,CUB,"Life expectancy at birth, total (years)",SP.DYN.LE00.IN,73.464,73.823,74.346,75.922,77.589,77.584,77.876,78.051,78.162,77.745
Cuba,CUB,"Literacy rate, adult male (% of males ages 15 and above)",SE.ADT.LITR.MA.ZS,..,..,..,..,..,..,..,..,99.629997253418,..
Cuba,CUB,"Literacy rate, adult female (% of females ages 15 and above)",SE.ADT.LITR.FE.ZS,..,..,..,..,..,..,..,..,99.7200012207031,..
Cuba,CUB,"Mortality rate, infant (per 1,000 live births)",SP.DYN.IMRT.IN,14.1,10.8,8.5,6.8,5.1,5,4.9,4.8,4.8,4.8
Cuba,CUB,"Unemployment, total (% of total labor force) (national estimate)",SL.UEM.TOTL.NE.ZS,..,..,8.3,5.447,1.583,1.67,2.5,3.175,3.498,2.4
Cuba,CUB,Urban population (% of total population),SP.URB.TOTL.IN.ZS,71.0718841552734,73.7279891967773,74.5832290649414,75.635383605957,76.365461375763,76.4930251871133,76.6099132468685,76.707663902788,76.7776920066844,76.8702850341797
Cuba,CUB,Adequacy of social safety net programs (% of total welfare of beneficiary households),per_sa_allsa.adq_pop_tot,..,..,..,..,..,..,..,..,..,..
Cuba,CUB,Fossil fuel energy consumption (% of total),EG.USE.COMM.FO.ZS,..,66.5168527345907,74.0374530151867,75.5125921288388,89.27713720671,97.9338785666967,..,94.8831349648433,95.8531447659896,14.3480911944304
Cuba,CUB,Food imports (% of merchandise imports),TM.VAL.FOOD.ZS.UN,..,..,..,15.7930059768195,..,..,..,..,..,..
Cuba,CUB,Food exports (% of merchandise exports),TX.VAL.FOOD.ZS.UN,..,..,..,49.9929731410126,..,..,..,..,..,..
Cuba,CUB,"Immunization, DPT (% of children ages 12-23 months)",SH.IMM.IDPT,91,92,99,95,95,96,96,97,99,99
Cuba,CUB,"Inflation, consumer prices (annual %)",FP.CPI.TOTL.ZG,..,..,..,..,..,..,..,..,..,..
Russian Federation,RUS,Access to electricity (% of population),EG.ELC.ACCS.ZS,..,100,100,97.8,98.3,98.4,99.3,99.2,100,95.5
Russian Federation,RUS,GDP (current US$),NY.GDP.MKTP.CD,..,517014446227.929,395537185734.854,259710142196.943,1660848058303.11,1222645900055.7,1524916715223.95,2045922753398.04,2208293553878.42,1363482182197.71
Russian Federation,RUS,GDP per capita (current US$),NY.GDP.PCAP.CD,..,3494.06323242188,2665.77978515625,1771.59411621094,11635.2841796875,8562.82421875,10674.990234375,14305.33203125,15401.8515625,9277.7138671875
Russian Federation,RUS,"GDP per capita, PPP (current international $)",NY.GDP.PCAP.PP.CD,..,8027.7890625,5613.28076171875,6825.3916015625,20163.609375,19389.94140625,20490.126953125,22789.54296875,24273.517578125,23994.013671875
Russian Federation,RUS,Gini index,SI.POV.GINI,..,..,..,37.1,41.6,39.8,39.5,39.7,40.7,36.5
Russian Federation,RUS,"Life expectancy at birth, total (years)",SP.DYN.LE00.IN,67.8568292682927,68.8860975609756,64.6907317073171,65.4836585365854,67.9492682926829,68.6846341463415,68.8412195121951,69.6839024390244,70.0721951219512,71.1834146341463
Russian Federation,RUS,"Literacy rate, adult male (% of males ages 15 and above)",SE.ADT.LITR.MA.ZS,..,..,..,..,..,..,99.7300033569336,..,..,..
Russian Federation,RUS,"Literacy rate, adult female (% of females ages 15 and above)",SE.ADT.LITR.FE.ZS,..,..,..,..,..,..,99.6500015258789,..,..,..
Russian Federation,RUS,"Mortality rate, infant (per 1,000 live births)",SP.DYN.IMRT.IN,20,17.5,17.8,15.6,9,8.6,8.3,8.1,7.9,6.6
Russian Federation,RUS,"Unemployment, total (% of total labor force) (national estimate)",SL.UEM.TOTL.NE.ZS,..,..,9.449,10.581,6.325,8.458,7.407,6.571,5.484,5.615
Russian Federation,RUS,Urban population (% of total population),SP.URB.TOTL.IN.ZS,72.0318222045898,73.7116088867188,72.9352798461914,73.1568222045898,73.4822463989258,73.5288696289062,73.6696307887624,73.8534851074219,73.97265625,74.275919065527
Russian Federation,RUS,Adequacy of social safety net programs (% of total welfare of beneficiary households),per_sa_allsa.adq_pop_tot,..,..,..,..,..,..,..,..,..,6.8870175772985
Russian Federation,RUS,Fossil fuel energy consumption (% of total),EG.USE.COMM.FO.ZS,..,93.3789912665678,92.2851602763285,91.1110205316524,90.9616244467454,90.2040492745402,89.8894516557171,91.6925475612423,92.7448881852914,49.9404108669885
Russian Federation,RUS,Food imports (% of merchandise imports),TM.VAL.FOOD.ZS.UN,..,..,..,20.2261282518212,12.0503669811434,15.9782298901051,14.1433479512548,12.3334454349775,12.3486035613666,13.8814942038947
Russian Federation,RUS,Food exports (% of merchandise exports),TX.VAL.FOOD.ZS.UN,..,..,..,1.24749814288395,1.77856912372749,3.05916860444627,1.89023781224242,2.1745377666484,3.16456673706393,4.65118071376906
Russian Federation,RUS,"Immunization, DPT (% of children ages 12-23 months)",SH.IMM.IDPT,..,..,78,96,98,98,97,97,97,97
Russian Federation,RUS,"Inflation, consumer prices (annual %)",FP.CPI.TOTL.ZG,..,..,197.414268084251,20.7987606558704,14.1107677840442,11.6473295764118,6.84939230255025,8.4404648593257,5.07474300799149,15.5343959935701
"Iran, Islamic Rep.",IRN,Access to electricity (% of population),EG.ELC.ACCS.ZS,..,..,..,97.9,98.8,99.7,99.4,99.5,99.5,100
"Iran, Islamic Rep.",IRN,GDP (current US$),NY.GDP.MKTP.CD,180183629599.684,124813263926.225,96419225743.6737,109591707802.216,406070949553.875,414059094949.063,487069570463.768,629082257472.368,644019315003.54,409191686496.677
"Iran, Islamic Rep.",IRN,GDP per capita (current US$),NY.GDP.PCAP.CD,3634.03209560745,2137.94222739877,1550.0095955025,1650.01385833785,5377.4115072957,5415.52280553446,6291.19443655454,8025.68743364356,8114.08099831877,4952.73355532178
"Iran, Islamic Rep.",IRN,"GDP per capita, PPP (current international $)",NY.GDP.PCAP.PP.CD,..,7565.85440732493,9255.33507082465,11186.8999218792,17548.6737761348,17614.6718696057,18627.815202271,19275.4376880063,17021.3716792921,14273.5499061586
"Iran, Islamic Rep.",IRN,Gini index,SI.POV.GINI,..,43.6,..,..,..,42.1,..,34.7,34.4,35.3
"Iran, Islamic Rep.",IRN,"Life expectancy at birth, total (years)",SP.DYN.LE00.IN,61.537,64.066,67.904,70.166,73.683,74.041,74.39,74.721,75.039,75.907
"Iran, Islamic Rep.",IRN,"Literacy rate, adult male (% of males ages 15 and above)",SE.ADT.LITR.MA.ZS,..,..,..,..,88.1800003051758,88.3060435285946,88.841864318746,88.0599975585938,88.879997253418,90.0576836878905
"Iran, Islamic Rep.",IRN,"Literacy rate, adult female (% of females ages 15 and above)",SE.ADT.LITR.FE.ZS,..,..,..,..,77.6900024414062,78.105695707155,78.4696060743223,79.0100021362305,78.4199981689453,80.5611899374035
"Iran, Islamic Rep.",IRN,"Mortality rate, infant (per 1,000 live births)",SP.DYN.IMRT.IN,63.8,49,39.8,31.7,19.3,18.2,17.3,16.5,15.7,14
"Iran, Islamic Rep.",IRN,"Unemployment, total (% of total labor force) (national estimate)",SL.UEM.TOTL.NE.ZS,..,..,..,..,10.63,12.113,13.679,12.491,12.275,11.166
"Iran, Islamic Rep.",IRN,Urban population (% of total population),SP.URB.TOTL.IN.ZS,53.5651817321777,56.4611129760742,60.42333984375,64.4780120849609,69.3790072996746,69.99007683587,70.6092626774386,71.204050944517,71.7633634041294,73.3561403575949
"Iran, Islamic Rep.",IRN,Adequacy of social safety net programs (% of total welfare of beneficiary households),per_sa_allsa.adq_pop_tot,..,..,..,..,..,..,..,..,..,..
"Iran, Islamic Rep.",IRN,Fossil fuel energy consumption (% of total),EG.USE.COMM.FO.ZS,..,98.9146745382851,99.1008010837047,99.6596368887027,99.5231185172838,99.5215062434828,99.4096159165196,99.3750757914988,98.9638911323989,59.0908945903128
"Iran, Islamic Rep.",IRN,Food imports (% of merchandise imports),TM.VAL.FOOD.ZS.UN,..,..,..,18.9717839921169,..,..,15.2279504772143,14.1303676502876,..,22.4023283543476
"Iran, Islamic Rep.",IRN,Food exports (% of merchandise exports),TX.VAL.FOOD.ZS.UN,..,..,..,2.88457115187864,..,..,6.17962445067733,3.67164096552635,..,9.67452460860556
"Iran, Islamic Rep.",IRN,"Immunization, DPT (% of children ages 12-23 months)",SH.IMM.IDPT,51,91,98,99,99,99,99,99,99,98
"Iran, Islamic Rep.",IRN,"Inflation, consumer prices (annual %)",FP.CPI.TOTL.ZG,4.38934095741541,7.62767493763934,49.6559858462746,14.4767513188567,25.4105090311987,13.5515548281506,10.0893629287979,26.2933856738608,27.2568127242908,12.4846815611533
India,IND,Access to electricity (% of population),EG.ELC.ACCS.ZS,..,..,51.4087753295898,60.3,74.1,75,76.3,79.5,79.9,88
India,IND,GDP (current US$),NY.GDP.MKTP.CD,232511554840.372,320979026420.035,360281909643.489,468395521654.458,1198895139005.92,1341888016994.9,1675615519484.96,1823051829894.55,1827637590410.41,2103588360044.94
India,IND,GDP per capita (current US$),NY.GDP.PCAP.CD,300.928258576378,371.085936203765,375.17600537305,442.750218937263,992.519584923828,1094.94974598436,1347.51939071367,1445.46127486037,1429.32199520032,1583.99815907985
India,IND,"GDP per capita, PPP (current international $)",NY.GDP.PCAP.PP.CD,..,1211.98252596236,1578.67124418308,2090.85806894486,3633.36783240716,3886.58197693247,4206.45986002117,4454.70153200513,4819.64288218731,5425.03599091046
India,IND,Gini index,SI.POV.GINI,..,..,..,..,..,27.8,..,28.8,..,..
India,IND,"Life expectancy at birth, total (years)",SP.DYN.LE00.IN,56.324,58.618,60.63,62.749,66.247,66.7,67.162,67.623,68.076,69.326
India,IND,"Literacy rate, adult male (% of males ages 15 and above)",SE.ADT.LITR.MA.ZS,..,..,..,..,..,..,78.613691548483,78.879997253418,79.4418362090107,..
India,IND,"Literacy rate, adult female (% of females ages 15 and above)",SE.ADT.LITR.FE.ZS,..,..,..,..,..,..,57.6517318985171,59.2799987792969,59.9377489448701,..
India,IND,"Mortality rate, infant (per 1,000 live births)",SP.DYN.IMRT.IN,95.2,84.4,75.6,66.3,50.5,48.4,46.3,44.2,42.2,36.3
India,IND,"Unemployment, total (% of total labor force) (national estimate)",SL.UEM.TOTL.NE.ZS,..,..,..,2.731,..,..,3.115,..,3.222,..
India,IND,Urban population (% of total population),SP.URB.TOTL.IN.ZS,24.654828858249,25.5784017345035,26.5661772139368,27.6470407512523,30.1438485921815,30.5185314023263,30.9042190810094,31.2746502853309,31.5898935604399,32.5472990022299
India,IND,Adequacy of social safety net programs (% of total welfare of beneficiary households),per_sa_allsa.adq_pop_tot,..,..,..,..,..,..,..,7.40283174368244,..,..
India,IND,Fossil fuel energy consumption (% of total),EG.USE.COMM.FO.ZS,..,58.7219672384935,64.118858854601,67.251600486733,71.4399671029214,75.572444969932,74.8456936081965,74.91097352691,75.0747477888592,45.956629150643
India,IND,Food imports (% of merchandise imports),TM.VAL.FOOD.ZS.UN,8.41407280327842,3.24038005482108,4.24430213390663,4.31269475192625,2.33606736322529,3.84322021258478,3.5188131716977,3.30798828495291,3.61415055311196,5.2439586896853
India,IND,Food exports (% of merchandise exports),TX.VAL.FOOD.ZS.UN,25.3459734937148,15.5783072295003,18.6790965761611,12.7907294175608,9.94992191512781,7.97883155634453,8.25712910075079,8.9586003069655,10.5448114624969,11.3300090451308
India,IND,"Immunization, DPT (% of children ages 12-23 months)",SH.IMM.IDPT,18,70,71,58,70,74,79,82,82,87
India,IND,"Inflation, consumer prices (annual %)",FP.CPI.TOTL.ZG,5.55642423236554,8.97123250273255,10.2248861637545,4.0094359104519,8.34926704907575,10.8823529411764,11.9893899204245,8.9117933648336,9.47899691419793,4.90697344127249
Canada,CAN,Access to electricity (% of population),EG.ELC.ACCS.ZS,..,100,100,100,100,100,100,100,100,100
Canada,CAN,GDP (current US$),NY.GDP.MKTP.CD,366186012449.652,596075591360.987,605961090061.207,744773415931.587,1552993439550.14,1374627766599.6,1617349192091.46,1793335727900.85,1828359477071.97,1556510380200.23
Canada,CAN,GDP per capita (current US$),NY.GDP.PCAP.CD,14170.1249406067,21525.8611387148,20679.634792669,24271.0020563821,46710.3654423328,40874.9612318547,47560.8378831258,52224.1237767406,52670.1429540952,43594.2379080706
Canada,CAN,"GDP per capita, PPP (current international $)",NY.GDP.PCAP.PP.CD,..,20225.9601080799,23474.2003753947,29347.7879802126,40376.0882836384,38863.2485560636,40103.1114399673,41666.8374590278,42291.9729357094,44668.0912814303
Canada,CAN,Gini index,SI.POV.GINI,33.2,31.4,31.5,33.4,33.9,34,33.6,32.7,33.5,33.7
Canada,CAN,"Life expectancy at birth, total (years)",SP.DYN.LE00.IN,76.3273170731707,77.4365853658537,77.9773170731707,79.1668292682927,80.7246341463415,81.0660975609756,81.3221951219512,81.4826829268293,81.6636585365854,81.8258536585366
Canada,CAN,"Literacy rate, adult male (% of males ages 15 and above)",SE.ADT.LITR.MA.ZS,..,..,..,..,..,..,..,..,..,..
Canada,CAN,"Literacy rate, adult female (% of females ages 15 and above)",SE.ADT.LITR.FE.ZS,..,..,..,..,..,..,..,..,..,..
Canada,CAN,"Mortality rate, infant (per 1,000 live births)",SP.DYN.IMRT.IN,8,6.8,5.8,5.3,5.1,5,5,4.9,4.8,4.6
Canada,CAN,"Unemployment, total (% of total labor force) (national estimate)",SL.UEM.TOTL.NE.ZS,10.502,8.131,9.489,6.829,6.284,8.46,8.178,7.659,7.429,6.986
Canada,CAN,Urban population (% of total population),SP.URB.TOTL.IN.ZS,76.3784725109779,76.5564437077021,77.6356482587498,78.6292995508947,80.6628944916604,80.8591838893921,81.0120892252937,81.1031425434213,81.1513483248791,81.2465670276699
Canada,CAN,Adequacy of social safety net programs (% of total welfare of beneficiary households),per_sa_allsa.adq_pop_tot,..,..,..,..,..,..,..,..,..,..
Canada,CAN,Fossil fuel energy consumption (% of total),EG.USE.COMM.FO.ZS,..,73.495139794671,72.3810532899967,76.4757593649725,75.9704557180976,76.0463697861155,76.6407827531288,76.5825123037239,75.3732737696945,73.5167429679308
Canada,CAN,Food imports (% of merchandise imports),TM.VAL.FOOD.ZS.UN,5.94228424638857,6.13059511390555,5.69826088861219,5.1015834501715,6.43748442978137,7.91665323726287,7.17761420190868,7.10627436963595,7.24064476829166,8.18251389529433
Canada,CAN,Food exports (% of merchandise exports),TX.VAL.FOOD.ZS.UN,9.2881438276435,8.58783163577954,7.61208289374895,6.72725021945709,9.05299995264462,11.1922950572657,10.0908411379305,10.2024816873383,10.208022770018,12.2650921931972
Canada,CAN,"Immunization, DPT (% of children ages 12-23 months)",SH.IMM.IDPT,..,88,87,89,92,91,89,87,91,91
Canada,CAN,"Inflation, consumer prices (annual %)",FP.CPI.TOTL.ZG,3.96203054065205,4.78047693336304,2.14876033057849,2.71943995691976,2.37027067444299,0.299466803009299,1.77687154092627,2.91213508872351,1.51567823124517,1.12524136094277
Mexico,MEX,Access to electricity (% of population),EG.ELC.ACCS.ZS,..,..,95.8944625854492,98,98.9,98.3,99.2,99,99.1,99
Mexico,MEX,GDP (current US$),NY.GDP.MKTP.CD,195241069482.077,261253675692.838,380157469866.849,742061329749.127,1161553459984.65,943437414950.633,1105424238651.95,1229013703416.76,1255110424741.85,1213294467653.78
Mexico,MEX,GDP per capita (current US$),NY.GDP.PCAP.CD,2601.70825226684,3154.46920349038,4183.87847727479,7524.0271380091,10523.7685427665,8423.56933148639,9728.80078307432,10664.4944032313,10744.1335236186,10021.2386113616
Mexico,MEX,"GDP per capita, PPP (current international $)",NY.GDP.PCAP.PP.CD,..,8577.86239058382,8932.73040130287,11704.6853532773,15680.5761896881,15190.8744519178,15909.1464963628,17266.8129106549,18004.7935607542,19071.4444196466
Mexico,MEX,Gini index,SI.POV.GINI,..,..,..,53.4,50.8,..,47.7,..,49.6,..
Mexico,MEX,"Life expectancy at birth, total (years)",SP.DYN.LE00.IN,66.775,69.034,70.703,72.562,73.695,73.628,73.718,73.921,74.128,74.431
Mexico,MEX,"Literacy rate, adult male (% of males ages 15 and above)",SE.ADT.LITR.MA.ZS,..,90.3499984741211,..,92.5599975585938,94.5899963378906,94.9199981689453,94.379997253418,94.7799987792969,95.3899993896484,95.5500030517578
Mexico,MEX,"Literacy rate, adult female (% of females ages 15 and above)",SE.ADT.LITR.FE.ZS,..,84.9599990844727,..,88.6800003051758,91.4499969482422,92.120002746582,91.8499984741211,92.3399963378906,93.1800003051758,93.4899978637695
Mexico,MEX,"Mortality rate, infant (per 1,000 live births)",SP.DYN.IMRT.IN,47.6,38.2,30.3,24,17.9,17.4,17,16.6,16.2,15
Mexico,MEX,"Unemployment, total (% of total labor force) (national estimate)",SL.UEM.TOTL.NE.ZS,..,..,..,..,3.874,5.356,5.303,5.175,4.892,4.311
Mexico,MEX,Urban population (% of total population),SP.URB.TOTL.IN.ZS,69.1303783227099,71.4590077199915,73.2962313883119,74.9203113970256,76.5090428271033,76.5143930040295,76.5244441414713,76.5667802279537,76.6585199140734,77.1903854182753
Mexico,MEX,Adequacy of social safety net programs (% of total welfare of beneficiary households),per_sa_allsa.adq_pop_tot,..,..,..,..,18.4868320909941,..,17.8909594710332,..,10.2059632267432,..
Mexico,MEX,Fossil fuel energy consumption (% of total),EG.USE.COMM.FO.ZS,..,86.8131265623413,85.5543591349902,86.0908383850131,86.9967690140248,89.9829429574913,87.9924242877659,88.2900712146278,90.4460324837664,90.902229466453
Mexico,MEX,Food imports (% of merchandise imports),TM.VAL.FOOD.ZS.UN,12.4438672125424,14.6365145972461,6.31994891549659,4.7291951218225,7.10627723391473,7.35357085483059,6.47214161067197,6.99245537688188,6.1656618764632,5.81440123263133
Mexico,MEX,Food exports (% of merchandise exports),TX.VAL.FOOD.ZS.UN,8.09494072721613,11.6024430441224,7.69172308640264,4.8437767050675,5.49972894200531,6.86565234154566,5.94307331577159,6.12361731015644,5.75592595246461,6.83651257140708
Mexico,MEX,"Immunization, DPT (% of children ages 12-23 months)",SH.IMM.IDPT,40,53,91,97,96,95,95,97,99,87
Mexico,MEX,"Inflation, consumer prices (annual %)",FP.CPI.TOTL.ZG,57.7484484008702,26.6516725646771,34.9992712889592,9.49156149435403,5.12498274575896,5.29735584228856,4.15672722680174,3.40737824605742,4.11150981070289,2.72064064964023
Japan,JPN,Access to electricity (% of population),EG.ELC.ACCS.ZS,..,100,100,100,100,100,100,100,100,100
Japan,JPN,GDP (current US$),NY.GDP.MKTP.CD,1457070301468.38,3252994239867.4,5639649753985.77,5042381838343.44,5160197175876.43,5336765697589.29,5811578109447.07,6279422550218.7,6333803928787.76,4534438580494.94
Japan,JPN,GDP per capita (current US$),NY.GDP.PCAP.CD,12058.1469373485,26344.7273187725,44947.4763611465,39752.937397755,40294.2081309702,41678.1783063195,45378.1378109399,49122.077634247,49626.6830327571,35664.6446110613
Japan,JPN,"GDP per capita, PPP (current international $)",NY.GDP.PCAP.PP.CD,..,19911.8140092776,23858.1167422807,27287.9793301608,35273.791152156,33543.4198739871,35336.0080490032,36214.4397740241,37605.9742614539,40898.80697396
Japan,JPN,Gini index,SI.POV.GINI,..,..,..,..,34.6,33,31.5,33,32.5,30.7
Japan,JPN,"Life expectancy at birth, total (years)",SP.DYN.LE00.IN,77.5604878048781,78.8370731707317,79.5360975609756,81.0760975609756,82.5875609756098,82.9314634146342,82.8426829268293,82.5912195121951,83.0960975609756,83.7939024390244
Japan,JPN,"Literacy rate, adult male (% of males ages 15 and above)",SE.ADT.LITR.MA.ZS,..,..,..,..,..,..,..,..,..,..
Japan,JPN,"Literacy rate, adult female (% of females ages 15 and above)",SE.ADT.LITR.FE.ZS,..,..,..,..,..,..,..,..,..,..
Japan,JPN,"Mortality rate, infant (per 1,000 live births)",SP.DYN.IMRT.IN,5.5,4.6,4.1,3.3,2.5,2.5,2.4,2.3,2.2,2
Japan,JPN,"Unemployment, total (% of total labor force) (national estimate)",SL.UEM.TOTL.NE.ZS,2.6,2.1,3.2,4.748,4.002,5.068,5.102,4.55,4.358,3.385
Japan,JPN,Urban population (% of total population),SP.URB.TOTL.IN.ZS,76.6930644715793,77.3404178010312,78.0190838015653,78.6126803295375,89.2921563808851,90.1131158718189,90.6228586840649,90.8631654434251,91.0265277326652,91.3532644103625
Japan,JPN,Adequacy of social safety net programs (% of total welfare of beneficiary households),per_sa_allsa.adq_pop_tot,..,..,..,..,..,..,..,..,..,..
Japan,JPN,Fossil fuel energy consumption (% of total),EG.USE.COMM.FO.ZS,..,84.8977470188087,81.8767001227449,81.0069383130129,83.0282198621979,80.5598367376525,80.7668676604902,89.5336527279383,94.6392276053142,93.791450810853
Japan,JPN,Food imports (% of merchandise imports),TM.VAL.FOOD.ZS.UN,13.9215146363514,14.5460540397824,16.0701402168553,12.7955329229744,8.66932564165848,10.4597598321224,9.23605680131201,9.24235600544921,8.90973337350933,10.0360297410722
Japan,JPN,Food exports (% of merchandise exports),TX.VAL.FOOD.ZS.UN,0.812084999161541,0.594629356169326,0.492825176194672,0.452783919166762,0.509377077517787,0.690451412892872,0.617652354676986,0.564169045394337,0.575029731561041,0.813866922016466
Japan,JPN,"Immunization, DPT (% of children ages 12-23 months)",SH.IMM.IDPT,83,90,74,85,98,97,97,97,97,96
Japan,JPN,"Inflation, consumer prices (annual %)",FP.CPI.TOTL.ZG,2.0322773460849,3.0785162869516,-0.127899045020446,-0.676578683595175,1.3800788616492,-1.35283672951719,-0.728243207517779,-0.27245561610124,-0.0440645104432602,0.795279630579839
United States,USA,Access to electricity (% of population),EG.ELC.ACCS.ZS,..,100,100,100,100,100,100,100,100,100
United States,USA,GDP (current US$),NY.GDP.MKTP.CD,4338979000000,5963144000000,7639749000000,10250952000000,14769862000000,14478067000000,15048971000000,15599732000000,16253970000000,18295019000000
United States,USA,GDP per capita (current US$),NY.GDP.PCAP.CD,18236.8277265009,23888.6000088133,28690.8757013347,36329.9702595751,48570.0594269601,47194.9500893872,48642.6312088213,50024.8812320773,51708.3940614082,56849.4697923159
United States,USA,"GDP per capita, PPP (current international $)",NY.GDP.PCAP.PP.CD,..,23888.6000088133,28690.8757013347,36329.9702595751,48570.0594269601,47194.9500893872,48642.6312088213,50024.8812320773,51708.3940614082,56849.4697923159
United States,USA,Gini index,SI.POV.GINI,37.6,38.3,39.9,40.1,41.1,40.9,40.2,41.2,41.2,41.5
United States,USA,"Life expectancy at birth, total (years)",SP.DYN.LE00.IN,74.5634146341464,75.2146341463415,75.6219512195122,76.6365853658537,78.0390243902439,78.390243902439,78.5414634146342,78.6414634146341,78.7414634146342,78.690243902439
United States,USA,"Literacy rate, adult male (% of males ages 15 and above)",SE.ADT.LITR.MA.ZS,..,..,..,..,..,..,..,..,..,..
United States,USA,"Literacy rate, adult female (% of females ages 15 and above)",SE.ADT.LITR.FE.ZS,..,..,..,..,..,..,..,..,..,..
United States,USA,"Mortality rate, infant (per 1,000 live births)",SP.DYN.IMRT.IN,10.6,9.4,7.9,7.1,6.5,6.4,6.2,6.1,6,5.8
United States,USA,"Unemployment, total (% of total labor force) (national estimate)",SL.UEM.TOTL.NE.ZS,7.2,5.6,5.65,3.992,5.784,9.254,9.633,8.949,8.069,5.28
United States,USA,Urban population (% of total population),SP.URB.TOTL.IN.ZS,74.30235208434,75.2685508261939,77.1977052961919,79.0740897861327,80.6219682896606,80.6850378350499,80.6997744673366,80.6957554256024,80.6837493386238,80.5707989535091
United States,USA,Adequacy of social safety net programs (% of total welfare of beneficiary households),per_sa_allsa.adq_pop_tot,..,..,..,..,..,..,..,..,..,..
United States,USA,Fossil fuel energy consumption (% of total),EG.USE.COMM.FO.ZS,..,86.4640059170175,85.5008850029072,85.8991510408803,85.005107144923,84.1951199163177,84.1233868138427,83.8876736758574,83.9446029612371,82.3258162759788
United States,USA,Food imports (% of merchandise imports),TM.VAL.FOOD.ZS.UN,7.03205406638735,5.80746640047511,4.77976969314125,3.92515759512508,4.39689596912854,5.43239852842352,4.94657479628989,5.03802461711288,5.01869120640454,5.83172132728094
United States,USA,Food exports (% of merchandise exports),TX.VAL.FOOD.ZS.UN,13.4873058651409,11.0821420329684,10.5276676539551,7.31272072171339,9.3721160435617,10.1065095316706,9.68903076995625,9.78386977328413,9.92027838542104,9.96602627105949
United States,USA,"Immunization, DPT (% of children ages 12-23 months)",SH.IMM.IDPT,96,90,95,94,96,95,95,96,94,95
United States,USA,"Inflation, consumer prices (annual %)",FP.CPI.TOTL.ZG,3.54564415209365,5.39795643990325,2.80541968853662,3.37685727149929,3.839100296651,-0.355546266299747,1.6400434423899,3.156841568622,2.06933726526067,0.118627135552451
Germany,DEU,Access to electricity (% of population),EG.ELC.ACCS.ZS,..,100,100,100,100,100,100,100,100,100
Germany,DEU,GDP (current US$),NY.GDP.MKTP.CD,735218723093.277,1778162195860.07,2593053091306.13,1966980701145.1,3808197720125,3478545516683.59,3467093769666.67,3823575803793.78,3596483233406.25,3425099578746.09
Germany,DEU,GDP per capita (current US$),NY.GDP.PCAP.CD,9464.11694710857,22385.6778250275,31747.2449398447,23925.8559901991,46379.1647953479,42471.8868625226,42396.9665976293,47630.9761883572,44718.0159214069,41929.7549110722
Germany,DEU,"GDP per capita, PPP (current international $)",NY.GDP.PCAP.PP.CD,..,19467.8150314767,23630.5518935199,27473.6669767024,38443.5386278958,37573.9910136539,39726.098692395,43398.3443992496,44229.3941921739,48545.400721962
Germany,DEU,Gini index,SI.POV.GINI,..,..,28.7,28.7,30.6,30.4,30.2,30.4,30.9,31.4
Germany,DEU,"Life expectancy at birth, total (years)",SP.DYN.LE00.IN,74.1890975609756,75.0856341463415,76.4219512195122,77.9268292682927,79.7365853658537,79.8365853658537,79.9878048780488,80.4365853658537,80.5390243902439,80.6414634146341
Germany,DEU,"Literacy rate, adult male (% of males ages 15 and above)",SE.ADT.LITR.MA.ZS,..,..,..,..,..,..,..,..,..,..
Germany,DEU,"Literacy rate, adult female (% of females ages 15 and above)",SE.ADT.LITR.FE.ZS,..,..,..,..,..,..,..,..,..,..
Germany,DEU,"Mortality rate, infant (per 1,000 live births)",SP.DYN.IMRT.IN,9.2,7,5.3,4.4,3.6,3.5,3.5,3.4,3.4,3.3
Germany,DEU,"Unemployment, total (% of total labor force) (national estimate)",SL.UEM.TOTL.NE.ZS,6.875,4.89,8.158,7.917,7.508,7.88,7.043,5.967,5.372,4.612
Germany,DEU,Urban population (% of total population),SP.URB.TOTL.IN.ZS,79.9762525443865,80.0133210327747,80.0465631829882,80.0942160905637,80.2459549084581,80.2745192417062,80.305702559949,80.3405762928198,80.393447520218,80.6974371632814
Germany,DEU,Adequacy of social safety net programs (% of total welfare of beneficiary households),per_sa_allsa.adq_pop_tot,..,..,..,..,..,..,..,..,..,..
Germany,DEU,Fossil fuel energy consumption (% of total),EG.USE.COMM.FO.ZS,..,86.8302558899134,85.8067183011832,83.6175092899349,79.9104868875012,79.3162024847903,78.9137435234329,79.9147448510039,79.8734282244706,79.6280369964341
Germany,DEU,Food imports (% of merchandise imports),TM.VAL.FOOD.ZS.UN,12.0897150615716,10.1425853900894,9.78064290220925,6.58349525553406,7.3879610221933,8.47420942410342,7.60908789072949,7.54721644075297,7.84358003848024,8.20354782355462
Germany,DEU,Food exports (% of merchandise exports),TX.VAL.FOOD.ZS.UN,5.2264329286284,4.78724273053314,5.07615551428159,4.16351771056607,5.14499899340746,5.99350260615178,5.46522952991288,5.47370583842328,5.6134294760163,5.62704511314724
Germany,DEU,"Immunization, DPT (% of children ages 12-23 months)",SH.IMM.IDPT,80,80,78,90,96,96,96,95,95,93
Germany,DEU,"Inflation, consumer prices (annual %)",FP.CPI.TOTL.ZG,2.0662330121658,2.69646824292392,1.70616041317076,1.44026838719741,2.62837981637219,0.312739007368447,1.1038103778926,2.07517283735874,2.00848884782956,0.514426137125456
,,,,,,,,,,,,,
,,,,,,,,,,,,,
,,,,,,,,,,,,,
Data from database: World Development Indicators,,,,,,,,,,,,,
Last Updated: 07/01/2026,,,,,,,,,,,,,
